Tweet,Sentiment
user mention gunakan produk bangsa provider nama,positive
saktinya alhamdulillah v provider nama,positive
selamat pagi provider nama bantu dalam kamar sinyal hilang panggilan darurat url,negative
dear provider nama jaringan data lambat banget h,negative
selamat malam pendusta provider nama,negative
penembakan paket product nama gangguan provider nama,negative
provider nama pakai provider nama paket product nama nya off gantinya paket product nama gratisan youtube senang banget provider nama,positive
user mention provider nama dalam kamus perhapean url,negative
keluhan ditanggapi bikin emosi pulsaku dicuri soak pulsa berkurang,negative
iklan provider nama pesan tersembunyi url,negative
provider nama mampus puasa subuh sahur cek pulsa tersedot sisa provider nama dibaca,negative
user mention coba pakai provider nama parah koneksinya,negative
setuju user mention silahkan boikot pelanggan provider nama pendukung url,negative
dibela belain daftarin kartu tunggu sejam siang puasa rumah sinyal gnya kota provider nama,negative
provider nama datanya hilang provider nama,negative
provider nama iklan,negative
provider nama provider nama kangen kiriman pos marchandes nya provider nama pos nya,positive
mbps kecepatanya kbps kuota full buka google bikin nguras uang baterai url,negative
kuota provider nama koneksi internetnya lambat banget provider nama url,negative
ampun sinyal provider nama lambat siput live streaming terganggu mundur provider nama,negative
jaringan provider nama nabire bagus berita palsu provider nama,negative
jelek jaringan takalar provider nama,negative
stabil disini provider nama url,positive
provider nama cocok komunikasi keluarga rekan bisnis kerja sekolah kampus jarak,positive
provider nama provider nama kualitas provider provider nama gangguan trouble mahal berhari url,negative
provider nama product nama sinyalnya tai,negative
jaringan internet provider nama sumba timur parah,negative
ajaib kuota hilang usage diberikan bukti melebihi batas url,negative
bertahun pakai provider nama aktif bayar pelayanan memuaskan,negative
cepat banget data provider nama habis url,negative
user mention tolol namanya provider nama provider urusan chat,negative
mungkin provider nama benar url,negative
hore sinyal provider nama sambu,positive
alhamdulilah dikunjungi vendor mitra provider nama url,positive
terlambat product nama jaringan provider nama lambat,negative
provider nama tega pesan suka terlambat bikin,negative
jaringan kecepatan provider nama,negative
paket extra combo lambat provider nama,negative
buka facebook provider nama,negative
rugi isi kuota provider nama jaringannya busuk banget dirugikan,negative
solidaritas perasaan solidaritas bicara provider nama,negative
provider nama berbagi kuota provider nama berkah user mention,positive
provider nama berkah video menunggu berbuka puasa anak video sahur keluarga video pakai baju koko user mention,positive
koneksi provider nama daerah kota seminggu lambat parah gangguan provider nama care provider nama,negative
pakai provider nama provider nama greget dalam network speed provider nama irit anak uang,positive
provider nama kartu mahal bagus provider nama,positive
provider nama provider nama berbagi berkah,positive
isi kuota menit habis kacau provider nama url,negative
sinyalmu jelek banget sih provider nama,negative
pergerakan masif pki antek nya iklan provider nama mari hancurkan pki,negative
alhamdulillah provider nama menari tabuhan gendang selamat isya tarawih,positive
kira diganti pulsaku komplain php provider nama,negative
sinyalmu provider nama,negative
provider nama musuh ulama url,negative
user mention pakai provider nama,negative
benci kelakuan user mention bikin pendukung coba lihat iklan provider nama gambar palu arit,negative
user mention user mention ht nya noh pakek provider nama thu,negative
provider nama sih kuota digabung sayang terpakai mubazir mubazir temennya setan loh provider nama,negative
rezeki pejet semoga samsung j provider nama medan indonesia url,positive
asik kencang provider nama url,positive
beli paket jaringan internetnya edge provider nama provider nama,negative
provider nama lambat,negative
nelepon provider nama pulsa menit provider nama bangsat provider nama url,negative
signal provider nama bekasi internetan subuh,negative
provider nama tarif internet super kuota negara internet murah provider nama mahal,negative
jaringan provider nama sinyal wilayah sindangkasih ciamis provider nama,negative
provider nama terimakasih provider nama menang pointastic deal provider nama provider nama url,positive
provider nama nomer dibuang provider nama,negative
provider nama dizalimi provider nama url,negative
mantap provider nama url,positive
sinyal jelek komplain direspon provider nama url,negative
alhamdulillah kartu telpon kartu internetan pakai provider nama,negative
bentuk tekanan masyarakat perusahaan publik sekelas provider nama berhati hati depannya url,negative
user mention user mention provider nama alhamdulillah pakai provider nama,negative
memimpikan pakai provider nama mimpi setia provider nama mahal ikutan,positive
aksi pakai provider nama provider nama bagus maaf iklan kenyataan,positive
provider nama terbaik peserta nya url,positive
user mention teman sehari provider nama url,positive
provider nama jelek banget sinyalnya provider nama,negative
sydney program provider nama gratis mahasiswa belajar liburan hacker intropeksi,positive
internet mahal turunkan harga paket provider nama,negative
pakai provider nama pakai provider nama merasakan provider nama lambat provider nama mahal dibarengi kualitas,positive
webnya provider nama dibajak cie dibajak semoga habis paket spam promo nya subur provider nama,negative
cs provider nama provider nama memang fast response keluhan konsumen beda operator sebelah,positive
prinsip provider nama murah provider nama sinyal disini alhamdulillah kencang kota,positive
terbaik provider nama provider nama,positive
paketan provider nama provider nama,positive
provider nama mantap sumedang provider nama,positive
provider nama kesini mahal jaringannya lambat pesan masukku penuh isinya pesan promo nyedot pulsa provider nama,negative
kensinya benerin wilayah keramat jati lambat provider nama product nama provider nama,negative
sinyal kuat internetku jakarta lambat parah provider provider nama provider nama,negative
keamanan provider nama ditingkatkan bikin rugi pelanggan url,negative
harga jual rupiah kilobyte internet memang provider nama juara mahalnya sih tsel vs provider nama provider nama,negative
provider nama provider nama jaringan sembungan bangunjiwo kasihan bantul stabil kuota provider nama terbuang,negative
provider nama provider nama customer sembungan bangunjiwo jogja stabil,negative
sinyal ping game segede sinyalnya tai provider nama,negative
provider nama,positive
malas banget gb gb provider nama masalahnya harga mahalnya jaringannya free youtubenya terpakai jamnya hadeh,negative
gratisan memang menyenangkan provider nama product nama product nama url,positive
pindah provider internetan lambat dengar teman si bagus provider nama provider nama,positive
lakukan reset nomor jaringan lemah memakan open page web provider nama provider nama,negative
provider nama provider nama kekinian bikin keki,positive
kecepatan internet ciwidey segini mantap provider nama user mention url,positive
jaringan provider nama cimahi yah lambat kota bandung lancar jaya,negative
provider nama parah provider nama provider nama,negative
provider nama koneksi gprs provider nama,negative
akses data kecamatan cisewu kabupaten garut,negative
provider nama provider nama glte provider nama url tanggapan,negative
direkomendasikan coba paket provider nama mingguan tes pakai twitter menit pulsa berkurang unreg provider nama,negative
nonton gratis dibayarin provider nama poin provider nama provider nama poin,positive
pakai provider nama alhamdulillah bermanfaat sinyalnya provider nama,positive
terimakasih provider nama url,positive
mantap si provider nama sms tarifnya,positive
alhamdulillah beres pakai provider nama provider nama nunggu konfirmasi provider nama url,positive
provider nama terimakasih provider nama menang product nama provider nama provider nama,positive
asik kencang provider nama,positive
terimakasih provider nama gratis gnya ayo buruan upgrade product nama,positive
upload video gb menit memang mantab kecepatan provider nama,positive
bonus kuota gb menit nelpon operator provider nama provider nama product nama url,positive
kuota aman provider nama kota mamuju url,positive
hemat provider nama,positive
pakai paket product nama provider nama irit provider nama provider nama url,positive
dibuang sayang setia lagipula nomernya bagus provider nama provider nama url,positive
merasakan segitu besarnya ping lumayanlah bukber provider nama provider nama,positive
nulis disertai hashtag provider nama lambat hidupnya sih ungaran pakai provider nama lancar,positive
pakai provider nama giga provider nama provider nama dihack provider nama provider nama mahal,positive
pindah provider nama provider nama,positive
pakai product nama provider nama provider nama terjangkau pakai provider nama provider nama provider nama mahal,positive
ditelpon gratisan provider nama,positive
tumben provider nama murah hati padaku pelanggan diginikan,positive
canggih nambah nambah kuotanya provider nama product nama url,positive
provider nama penuh bonus provider nama,positive
sinyal provider nama hebat puncak halimun mantap,positive
nelpon kouta gb,positive
betah v v provider nama,positive
lumayan murah meriah provider nama,positive
wow mendapatkan hadiah fantastis product nama product nama membuat simpel url provider nama,positive
modal isi pulsa gb gratis provider nama v tumben semoga promonya murah murah provider nama provider nama,positive
ajaib min provider nama kartu diisi pulsa digunakan terimakasih provider nama,positive
mantap provider nama isi pulsa bonus paket data gb terimakasih provider nama pelayanannya provider nama,positive
terimakasih paket data aktif normal terimakasih provider nama puas pelayanannya provider nama provider nama,positive
perusahaan melupakan konsumen menghapus pesan membacanya menyalahkan diingatkan terimakasih provider nama,positive
terima kasih provider nama provider nama,positive
hore provider nama sinyal terimakasih provider nama provider nama,positive
alhamdulillah nunggu subuh melihat lantunan adhan styles mekah madinah paket internet provider nama bagus,positive
provider nama lihat youtube setahun kuota keren,positive
jaringan super cepat provider nama smartphone terkoneksi pantau aktivitas sosial media,positive
menggunakan medsos sebijak mungkin fasilitas oke kayak fb gratis mba free youtube yonder genflix provider nama,positive
pagi menyegarkan mata lari kecil nikmatin internet nelpon super murah suara jernih pakai provider nama,positive
buka puasa streaming youtube lancar banget pakai provider nama setia provider nama,positive
jaringan provider nama luas temanku nelpon operator gratis suaranya jernih banget,positive
koneksi internet provider nama lancar dalam menyelesaikan pekerjaan jumat weekend,positive
ayo penuhi viralkan keras nomor nomer provider nama cantik buang main dg umat islam brsatu,negative
ayo buang kartu provider nama url,negative
pakai provider nama insya allah paket kuotanya habis ganti operator,negative
ceo provider nama bertanggung jawab counter perdana hp berhenti jual perdana provider nama,negative
biar pelajaran pakai produk provider nama,negative
boikot provider nama mungkin nyedot pulsa dipake sms bayar bonus maksa,negative
lumayan jaringan lte provider nama area tarogong memuaskan provider nama url,positive
uji kecepatan product nama provider nama provider nama disini jelek,negative
urus bayar data datanya provider nama provider nama,negative
terima kasih provider nama gratis gnya ayo buruan upgrade product nama mu,positive
makan malam gratis hasil tuker provider nama poin provider nama url,positive
mohon jaringan wilayah morowali buruk provider nama provider nama,negative
jaringan provider nama waru arae site wkp digunakan telpon mohon cek team provider nama,negative
kualitas pelayanannya buruk melakukan pelaporan tindakan perbaikan provider nama,negative
provider nama jaringan muara kaman diperbaiki bbm ngakses menyambungkan melulu,negative
uji kecepatan nyata provider nama provider nama disini jelek,negative
diurus bayar data datanya provider nama provider nama,negative
makan malam gratis hasil tukar provider nama poin provider nama url,positive
ayo viralkan keras nomor nomer provider nama cantik buang main umat islam brsatu,negative
ayo buang kartu provider nama,negative
boikot provider nama mungkin menyedot pulsa dipake sms bayar bonus maksa,negative
provider nama sinyalnya php provider nama,negative
koneksi internet menjengkelkan provider nama,negative
provider nama nelpon murah pakai js rp detik provider nama product nama product nama,positive
terima kasih pt provider nama kiriman gratis provider nama home nya,positive
kualitas sinyal provider nama melengkapi meriahnya festival,positive
pindah provider nama memang terbukti,positive
sinyal h palsu h edge provider nama provider nama,negative
pelanggan provider nama provider nama area dirugikan jaringan telponnya rusak diperbaiki,negative
hati hati tukang tipu provider nama,negative
sedih pakai provider nama stabil,negative
jarigan provider nama lambat gangguan rusak,negative
daerah jagakarsa pakai provider nama sinyalnya jelek h sinyal,negative
provider nama cacat,negative
provider nama url,positive
provider nama bagiberkah susah sentuh mudah berfaedah,positive
provider nama tumbang kota semarang,negative
kuotaku internetan provider nama provider nama care provider nama,negative
lambat provider nama,negative
provider nama berbagiberkah berbagi menyenangkan sayangi,positive
santai pakai provider nama provider nama provider nama bagiberkah diandalkan,positive
setia memggunakan provider nama,positive
pengen provider nama selangkah maju layanan jaringan,positive
yuk pakai provider nama rp gratis gb,positive
lebaran pakai provider nama yaa gratis gb,positive
sinyal provider nama dipalembang lancar,positive
keren rembang sinyal provider nama,positive
sinyal provider nama kuat banget,positive
provider nama banget disini,positive
berkat provider nama mudiknya nyaman mampir posko senang,positive
terimakasih provider nama,positive
untungnya pakai provider nama,positive
alhamdulillah provider nama terbaik,positive
provider nama memang murah provider nama bonusnya,positive
user mention provider nama kuota habis ganti provider,negative
provider nama memang jancok sinyal payah,negative
pakai provider nama,negative
user mention permintaan maaf pernyataan apapun boikot provider nama url,negative
provider nama kuota malam habis duluan logikanya url,negative
user mention provider nama provider nama jaringan nya penuh konek internet,negative
sinyal nya stabil mantap provider nama url,positive
fungsinya data lokal flash terpakai duluan data lokalnya mahal provider nama,negative
hore makan malam gratis provider nama poin provider nama url,positive
wajar provider nama dihack harga mahal banget koneksi lambat provider nama mahal provider nama,negative
ganti paket provider nama gb lancar,positive
provider nama user mention,negative
alhamdulillah gratisan youtube provider nama ramadhan berfaedah,positive
provider nama sinyal hilang melulu,negative
data manfaatnya provider nama url,negative
provider nama bodoh banget sih provider nama,negative
settingan kuota dipakai menguras pulsa yaa provider nama,negative
mahal sinyalnya jelek provider nama bangsat anjing,negative
jeleknya jaringan internet provider nama,negative
area pandeglang kota jaringan provider nama buruk jelek kejadian sebulan provider nama care provider nama payah provider nama dihack,negative
benar kacau isi kuota datanya habis provider nama,negative
provider nama ayo,positive
ngopi nyantai dengar musik klasik youtube gratis jaringan provider nama keren,positive
fitur kartu perdana provider nama provider nama youtube provider nama jabo user mention,positive
masuk kerja dikerjain ujung nya lapak rebahan denger musik youtube provider nama top,positive
enak belanja online sinyal kuat kencang pakai provider nama,positive
mantap paket product nama provider nama bikin mupeng product nama nya,positive
bonus thr bonus provider nama bikin hati senang,positive
pagi sahur purwakarta disini sinyal provider nama nya bagus banget,positive
astaga sore keasyikan main hape sinyal lancar hebat memang provider nama,positive
kadang cari referensi youtube gudang informasi keren provider nama youtube an kuota streaming lancar,positive
belajar mengedit video youtube enak cepat paham jaringan provider nama lancar kencang,positive
tethering pakai kartu provider nama sinyalnya kencang badai browsing bahan artikel dijamin lancar,positive
pakai produk provider nama boikot provider nama,negative
ayo pakai kartu provider nama buang got,negative
hijrah selamat provider nama,negative
alhamdulillah kuota provider nama murah,positive
tarifnya mahal ditambah jaringan susah provider nama mengesalkan banget,negative
provider nama pulsanya tm nelpon simpati pulsa sialan provider nama,negative
sinyal rumahku lancar provider nama,positive
berharap bagus kerja online internetnya sesimpati namanya provider nama url,negative
kualitas jaringan provider nama menurun wilayah sukabumi,negative
mengeluh sinyal pelayanan provider nama dalam jaringan internet,negative
malam jaringan super lambat provider nama berkualitas,negative
sinyal provider nama menyedihkan,negative
provider nama bangsat dibiarin,negative
provider nama memang bangsat gemas aduh,negative
signal provider nama mentari memprihatinkan memikirkan ganti kartu kecewa provider nama,negative
provider nama provider nama gangguan daerah kramat jati sumpah lambat banget,negative
provider nama provider nama super lambat kecepatan kb s gangguan sih,negative
tai provider nama,negative
allah hujan sinyal provider nama kaya lagunya kotak pelan pelan,negative
bikin kelar provider nama,negative
provider nama hooq bermanfaat beli kuota menonton youtube hooq product nama provider nama,negative
provider nama daerahku trouble melulu,negative
sisa kuota provider nama provider nama dibilang habis,negative
jaringan simpati anjing banget provider nama,negative
provider nama tai,negative
untung pakai provider nama rumah alhamdulillah urusan beres,positive
jaringan provider nama flash daerah aceh singkil stabil provider nama,negative
provider nama tarif mahal sinyal parah,negative
seminggu digangguin bunyi sms provider nama promo url,negative
jariangan provider nama,negative
jam malam hancur koneksinya provider nama,negative
sedih beli paket internet provider nama,negative
hobi ngecek product nama promo kuota internet penguna setia provider nama alhamdulillah rezeki anak,positive
provider nama dihack mahal,negative
jaringan lambat provider nama,negative
provider nama gangguan,negative
provider nama hancur jaringannya,negative
isi pulsa dipakai hilang mohon pejelasannya provider nama,negative
provider nama memang bikin sebal,negative
lte provider nama bermasalah,negative
provider nama parah buang kuota payah provider nama provider nama provider nama,negative
koneksinya lancar pakai provider nama,positive
pakai sinyal provider nama lancar provider nama memang yess,positive
data data kerja cepat dicari internetnya pakai provider nama,positive
provider nama memang juara nonton youtube kuota full xd,positive
kenikmatan didapatkan pengguna provider nama menonton youtube gratis setahun,positive
upload file mudah provider nama jaringan internetnya cepat alhamdulillah,positive
untungnya pakai provider nama pekerjaan lancar,positive
siang nyoba bonus telpon pakai kartu provider nama aman lancar jaya suaranya cuaca hujan,positive
pantesan lancar sinyal provider nama lancar lombok timur,positive
alhamdulillah lancar pakai provider nama,positive
untung pakai internet provider nama lancar ide,positive
ramai lokasi wisata provider nama jaya,positive
sinyal provider nama amsyong stadion gajayana,negative
